S.No,Audience Identifier,6-Digit Passkey Token,Assigned Role,Starting Capital,Current Balance,Email ID,Login URL,Status
1,Audience #001,406155,Audience / Retail,"₹5,00,000","₹5,00,000",audience001@ideaipo.com,https://nevertheless-hence-improvements-connections.trycloudflare.com,ACTIVE
2,Audience #002,755130,Audience / Retail,"₹5,00,000","₹5,00,000",audience002@ideaipo.com,https://nevertheless-hence-improvements-connections.trycloudflare.com,ACTIVE
3,Audience #003,164461,Audience / Retail,"₹5,00,000","₹5,00,000",audience003@ideaipo.com,https://nevertheless-hence-improvements-connections.trycloudflare.com,ACTIVE
4,Audience #004,609226,Audience / Retail,"₹5,00,000","₹5,00,000",audience004@ideaipo.com,https://nevertheless-hence-improvements-connections.trycloudflare.com,ACTIVE
5,Audience #005,502761,Audience / Retail,"₹5,00,000","₹5,00,000",audience005@ideaipo.com,https://nevertheless-hence-improvements-connections.trycloudflare.com,ACTIVE
6,Audience #006,267245,Audience / Retail,"₹5,00,000","₹5,00,000",audience006@ideaipo.com,https://nevertheless-hence-improvements-connections.trycloudflare.com,ACTIVE
7,Audience #007,697459,Audience / Retail,"₹5,00,000","₹5,00,000",audience007@ideaipo.com,https://nevertheless-hence-improvements-connections.trycloudflare.com,ACTIVE
8,Audience #008,791344,Audience / Retail,"₹5,00,000","₹5,00,000",audience008@ideaipo.com,https://nevertheless-hence-improvements-connections.trycloudflare.com,ACTIVE
9,Audience #009,520044,Audience / Retail,"₹5,00,000","₹5,00,000",audience009@ideaipo.com,https://nevertheless-hence-improvements-connections.trycloudflare.com,ACTIVE
10,Audience #010,588951,Audience / Retail,"₹5,00,000","₹5,00,000",audience010@ideaipo.com,https://nevertheless-hence-improvements-connections.trycloudflare.com,ACTIVE
11,Audience #011,888953,Audience / Retail,"₹5,00,000","₹5,00,000",audience011@ideaipo.com,https://nevertheless-hence-improvements-connections.trycloudflare.com,ACTIVE
12,Audience #012,362571,Audience / Retail,"₹5,00,000","₹5,00,000",audience012@ideaipo.com,https://nevertheless-hence-improvements-connections.trycloudflare.com,ACTIVE
13,Audience #013,314329,Audience / Retail,"₹5,00,000","₹5,00,000",audience013@ideaipo.com,https://nevertheless-hence-improvements-connections.trycloudflare.com,ACTIVE
14,Audience #014,236451,Audience / Retail,"₹5,00,000","₹5,00,000",audience014@ideaipo.com,https://nevertheless-hence-improvements-connections.trycloudflare.com,ACTIVE
15,Audience #015,743738,Audience / Retail,"₹5,00,000","₹5,00,000",audience015@ideaipo.com,https://nevertheless-hence-improvements-connections.trycloudflare.com,ACTIVE
16,Audience #016,115113,Audience / Retail,"₹5,00,000","₹5,00,000",audience016@ideaipo.com,https://nevertheless-hence-improvements-connections.trycloudflare.com,ACTIVE
17,Audience #017,207517,Audience / Retail,"₹5,00,000","₹5,00,000",audience017@ideaipo.com,https://nevertheless-hence-improvements-connections.trycloudflare.com,ACTIVE
18,Audience #018,834956,Audience / Retail,"₹5,00,000","₹5,00,000",audience018@ideaipo.com,https://nevertheless-hence-improvements-connections.trycloudflare.com,ACTIVE
19,Audience #019,596636,Audience / Retail,"₹5,00,000","₹5,00,000",audience019@ideaipo.com,https://nevertheless-hence-improvements-connections.trycloudflare.com,ACTIVE
20,Audience #020,251502,Audience / Retail,"₹5,00,000","₹5,00,000",audience020@ideaipo.com,https://nevertheless-hence-improvements-connections.trycloudflare.com,ACTIVE
21,Audience #021,811503,Audience / Retail,"₹5,00,000","₹5,00,000",audience021@ideaipo.com,https://nevertheless-hence-improvements-connections.trycloudflare.com,ACTIVE
22,Audience #022,810143,Audience / Retail,"₹5,00,000","₹5,00,000",audience022@ideaipo.com,https://nevertheless-hence-improvements-connections.trycloudflare.com,ACTIVE
23,Audience #023,616143,Audience / Retail,"₹5,00,000","₹5,00,000",audience023@ideaipo.com,https://nevertheless-hence-improvements-connections.trycloudflare.com,ACTIVE
24,Audience #024,460693,Audience / Retail,"₹5,00,000","₹5,00,000",audience024@ideaipo.com,https://nevertheless-hence-improvements-connections.trycloudflare.com,ACTIVE
25,Audience #025,842510,Audience / Retail,"₹5,00,000","₹5,00,000",audience025@ideaipo.com,https://nevertheless-hence-improvements-connections.trycloudflare.com,ACTIVE
26,Audience #026,822872,Audience / Retail,"₹5,00,000","₹5,00,000",audience026@ideaipo.com,https://nevertheless-hence-improvements-connections.trycloudflare.com,ACTIVE
27,Audience #027,117270,Audience / Retail,"₹5,00,000","₹5,00,000",audience027@ideaipo.com,https://nevertheless-hence-improvements-connections.trycloudflare.com,ACTIVE
28,Audience #028,806294,Audience / Retail,"₹5,00,000","₹5,00,000",audience028@ideaipo.com,https://nevertheless-hence-improvements-connections.trycloudflare.com,ACTIVE
29,Audience #029,686179,Audience / Retail,"₹5,00,000","₹5,00,000",audience029@ideaipo.com,https://nevertheless-hence-improvements-connections.trycloudflare.com,ACTIVE
30,Audience #030,696505,Audience / Retail,"₹5,00,000","₹5,00,000",audience030@ideaipo.com,https://nevertheless-hence-improvements-connections.trycloudflare.com,ACTIVE
31,Audience #031,513241,Audience / Retail,"₹5,00,000","₹5,00,000",audience031@ideaipo.com,https://nevertheless-hence-improvements-connections.trycloudflare.com,ACTIVE
32,Audience #032,238287,Audience / Retail,"₹5,00,000","₹5,00,000",audience032@ideaipo.com,https://nevertheless-hence-improvements-connections.trycloudflare.com,ACTIVE
33,Audience #033,617516,Audience / Retail,"₹5,00,000","₹5,00,000",audience033@ideaipo.com,https://nevertheless-hence-improvements-connections.trycloudflare.com,ACTIVE
34,Audience #034,940542,Audience / Retail,"₹5,00,000","₹5,00,000",audience034@ideaipo.com,https://nevertheless-hence-improvements-connections.trycloudflare.com,ACTIVE
35,Audience #035,424301,Audience / Retail,"₹5,00,000","₹5,00,000",audience035@ideaipo.com,https://nevertheless-hence-improvements-connections.trycloudflare.com,ACTIVE
36,Audience #036,212438,Audience / Retail,"₹5,00,000","₹5,00,000",audience036@ideaipo.com,https://nevertheless-hence-improvements-connections.trycloudflare.com,ACTIVE
37,Audience #037,133518,Audience / Retail,"₹5,00,000","₹5,00,000",audience037@ideaipo.com,https://nevertheless-hence-improvements-connections.trycloudflare.com,ACTIVE
38,Audience #038,638717,Audience / Retail,"₹5,00,000","₹5,00,000",audience038@ideaipo.com,https://nevertheless-hence-improvements-connections.trycloudflare.com,ACTIVE
39,Audience #039,859944,Audience / Retail,"₹5,00,000","₹5,00,000",audience039@ideaipo.com,https://nevertheless-hence-improvements-connections.trycloudflare.com,ACTIVE
40,Audience #040,175939,Audience / Retail,"₹5,00,000","₹5,00,000",audience040@ideaipo.com,https://nevertheless-hence-improvements-connections.trycloudflare.com,ACTIVE
41,Audience #041,808769,Audience / Retail,"₹5,00,000","₹5,00,000",audience041@ideaipo.com,https://nevertheless-hence-improvements-connections.trycloudflare.com,ACTIVE
42,Audience #042,640167,Audience / Retail,"₹5,00,000","₹5,00,000",audience042@ideaipo.com,https://nevertheless-hence-improvements-connections.trycloudflare.com,ACTIVE
43,Audience #043,106697,Audience / Retail,"₹5,00,000","₹5,00,000",audience043@ideaipo.com,https://nevertheless-hence-improvements-connections.trycloudflare.com,ACTIVE
44,Audience #044,904722,Audience / Retail,"₹5,00,000","₹5,00,000",audience044@ideaipo.com,https://nevertheless-hence-improvements-connections.trycloudflare.com,ACTIVE
45,Audience #045,925528,Audience / Retail,"₹5,00,000","₹5,00,000",audience045@ideaipo.com,https://nevertheless-hence-improvements-connections.trycloudflare.com,ACTIVE
46,Audience #046,503437,Audience / Retail,"₹5,00,000","₹5,00,000",audience046@ideaipo.com,https://nevertheless-hence-improvements-connections.trycloudflare.com,ACTIVE
47,Audience #047,831898,Audience / Retail,"₹5,00,000","₹5,00,000",audience047@ideaipo.com,https://nevertheless-hence-improvements-connections.trycloudflare.com,ACTIVE
48,Audience #048,451168,Audience / Retail,"₹5,00,000","₹5,00,000",audience048@ideaipo.com,https://nevertheless-hence-improvements-connections.trycloudflare.com,ACTIVE
49,Audience #049,695912,Audience / Retail,"₹5,00,000","₹5,00,000",audience049@ideaipo.com,https://nevertheless-hence-improvements-connections.trycloudflare.com,ACTIVE
50,Audience #050,753504,Audience / Retail,"₹5,00,000","₹5,00,000",audience050@ideaipo.com,https://nevertheless-hence-improvements-connections.trycloudflare.com,ACTIVE
51,Audience #051,835770,Audience / Retail,"₹5,00,000","₹5,00,000",audience051@ideaipo.com,https://nevertheless-hence-improvements-connections.trycloudflare.com,ACTIVE
52,Audience #052,148153,Audience / Retail,"₹5,00,000","₹5,00,000",audience052@ideaipo.com,https://nevertheless-hence-improvements-connections.trycloudflare.com,ACTIVE
53,Audience #053,975935,Audience / Retail,"₹5,00,000","₹5,00,000",audience053@ideaipo.com,https://nevertheless-hence-improvements-connections.trycloudflare.com,ACTIVE
54,Audience #054,271834,Audience / Retail,"₹5,00,000","₹5,00,000",audience054@ideaipo.com,https://nevertheless-hence-improvements-connections.trycloudflare.com,ACTIVE
55,Audience #055,321020,Audience / Retail,"₹5,00,000","₹5,00,000",audience055@ideaipo.com,https://nevertheless-hence-improvements-connections.trycloudflare.com,ACTIVE
56,Audience #056,617087,Audience / Retail,"₹5,00,000","₹5,00,000",audience056@ideaipo.com,https://nevertheless-hence-improvements-connections.trycloudflare.com,ACTIVE
57,Audience #057,729558,Audience / Retail,"₹5,00,000","₹5,00,000",audience057@ideaipo.com,https://nevertheless-hence-improvements-connections.trycloudflare.com,ACTIVE
58,Audience #058,673357,Audience / Retail,"₹5,00,000","₹5,00,000",audience058@ideaipo.com,https://nevertheless-hence-improvements-connections.trycloudflare.com,ACTIVE
59,Audience #059,301317,Audience / Retail,"₹5,00,000","₹5,00,000",audience059@ideaipo.com,https://nevertheless-hence-improvements-connections.trycloudflare.com,ACTIVE
60,Audience #060,622524,Audience / Retail,"₹5,00,000","₹5,00,000",audience060@ideaipo.com,https://nevertheless-hence-improvements-connections.trycloudflare.com,ACTIVE
61,Audience #061,200308,Audience / Retail,"₹5,00,000","₹5,00,000",audience061@ideaipo.com,https://nevertheless-hence-improvements-connections.trycloudflare.com,ACTIVE
62,Audience #062,743514,Audience / Retail,"₹5,00,000","₹5,00,000",audience062@ideaipo.com,https://nevertheless-hence-improvements-connections.trycloudflare.com,ACTIVE
63,Audience #063,190744,Audience / Retail,"₹5,00,000","₹5,00,000",audience063@ideaipo.com,https://nevertheless-hence-improvements-connections.trycloudflare.com,ACTIVE
64,Audience #064,542515,Audience / Retail,"₹5,00,000","₹5,00,000",audience064@ideaipo.com,https://nevertheless-hence-improvements-connections.trycloudflare.com,ACTIVE
65,Audience #065,300799,Audience / Retail,"₹5,00,000","₹5,00,000",audience065@ideaipo.com,https://nevertheless-hence-improvements-connections.trycloudflare.com,ACTIVE
66,Audience #066,494041,Audience / Retail,"₹5,00,000","₹5,00,000",audience066@ideaipo.com,https://nevertheless-hence-improvements-connections.trycloudflare.com,ACTIVE
67,Audience #067,855348,Audience / Retail,"₹5,00,000","₹5,00,000",audience067@ideaipo.com,https://nevertheless-hence-improvements-connections.trycloudflare.com,ACTIVE
68,Audience #068,525158,Audience / Retail,"₹5,00,000","₹5,00,000",audience068@ideaipo.com,https://nevertheless-hence-improvements-connections.trycloudflare.com,ACTIVE
69,Audience #069,946456,Audience / Retail,"₹5,00,000","₹5,00,000",audience069@ideaipo.com,https://nevertheless-hence-improvements-connections.trycloudflare.com,ACTIVE
70,Audience #070,383715,Audience / Retail,"₹5,00,000","₹5,00,000",audience070@ideaipo.com,https://nevertheless-hence-improvements-connections.trycloudflare.com,ACTIVE
71,Audience #071,581834,Audience / Retail,"₹5,00,000","₹5,00,000",audience071@ideaipo.com,https://nevertheless-hence-improvements-connections.trycloudflare.com,ACTIVE
72,Audience #072,142179,Audience / Retail,"₹5,00,000","₹5,00,000",audience072@ideaipo.com,https://nevertheless-hence-improvements-connections.trycloudflare.com,ACTIVE
73,Audience #073,305150,Audience / Retail,"₹5,00,000","₹5,00,000",audience073@ideaipo.com,https://nevertheless-hence-improvements-connections.trycloudflare.com,ACTIVE
74,Audience #074,181035,Audience / Retail,"₹5,00,000","₹5,00,000",audience074@ideaipo.com,https://nevertheless-hence-improvements-connections.trycloudflare.com,ACTIVE
75,Audience #075,666012,Audience / Retail,"₹5,00,000","₹5,00,000",audience075@ideaipo.com,https://nevertheless-hence-improvements-connections.trycloudflare.com,ACTIVE
76,Audience #076,723476,Audience / Retail,"₹5,00,000","₹5,00,000",audience076@ideaipo.com,https://nevertheless-hence-improvements-connections.trycloudflare.com,ACTIVE
77,Audience #077,383779,Audience / Retail,"₹5,00,000","₹5,00,000",audience077@ideaipo.com,https://nevertheless-hence-improvements-connections.trycloudflare.com,ACTIVE
78,Audience #078,562220,Audience / Retail,"₹5,00,000","₹5,00,000",audience078@ideaipo.com,https://nevertheless-hence-improvements-connections.trycloudflare.com,ACTIVE
79,Audience #079,653644,Audience / Retail,"₹5,00,000","₹5,00,000",audience079@ideaipo.com,https://nevertheless-hence-improvements-connections.trycloudflare.com,ACTIVE
80,Audience #080,206311,Audience / Retail,"₹5,00,000","₹5,00,000",audience080@ideaipo.com,https://nevertheless-hence-improvements-connections.trycloudflare.com,ACTIVE
81,Audience #081,881928,Audience / Retail,"₹5,00,000","₹5,00,000",audience081@ideaipo.com,https://nevertheless-hence-improvements-connections.trycloudflare.com,ACTIVE
82,Audience #082,459267,Audience / Retail,"₹5,00,000","₹5,00,000",audience082@ideaipo.com,https://nevertheless-hence-improvements-connections.trycloudflare.com,ACTIVE
83,Audience #083,590189,Audience / Retail,"₹5,00,000","₹5,00,000",audience083@ideaipo.com,https://nevertheless-hence-improvements-connections.trycloudflare.com,ACTIVE
84,Audience #084,829792,Audience / Retail,"₹5,00,000","₹5,00,000",audience084@ideaipo.com,https://nevertheless-hence-improvements-connections.trycloudflare.com,ACTIVE
85,Audience #085,669584,Audience / Retail,"₹5,00,000","₹5,00,000",audience085@ideaipo.com,https://nevertheless-hence-improvements-connections.trycloudflare.com,ACTIVE
86,Audience #086,193578,Audience / Retail,"₹5,00,000","₹5,00,000",audience086@ideaipo.com,https://nevertheless-hence-improvements-connections.trycloudflare.com,ACTIVE
87,Audience #087,775885,Audience / Retail,"₹5,00,000","₹5,00,000",audience087@ideaipo.com,https://nevertheless-hence-improvements-connections.trycloudflare.com,ACTIVE
88,Audience #088,714143,Audience / Retail,"₹5,00,000","₹5,00,000",audience088@ideaipo.com,https://nevertheless-hence-improvements-connections.trycloudflare.com,ACTIVE
89,Audience #089,917497,Audience / Retail,"₹5,00,000","₹5,00,000",audience089@ideaipo.com,https://nevertheless-hence-improvements-connections.trycloudflare.com,ACTIVE
90,Audience #090,716885,Audience / Retail,"₹5,00,000","₹5,00,000",audience090@ideaipo.com,https://nevertheless-hence-improvements-connections.trycloudflare.com,ACTIVE
91,Audience #091,235088,Audience / Retail,"₹5,00,000","₹5,00,000",audience091@ideaipo.com,https://nevertheless-hence-improvements-connections.trycloudflare.com,ACTIVE
92,Audience #092,708918,Audience / Retail,"₹5,00,000","₹5,00,000",audience092@ideaipo.com,https://nevertheless-hence-improvements-connections.trycloudflare.com,ACTIVE
93,Audience #093,710807,Audience / Retail,"₹5,00,000","₹5,00,000",audience093@ideaipo.com,https://nevertheless-hence-improvements-connections.trycloudflare.com,ACTIVE
94,Audience #094,985525,Audience / Retail,"₹5,00,000","₹5,00,000",audience094@ideaipo.com,https://nevertheless-hence-improvements-connections.trycloudflare.com,ACTIVE
95,Audience #095,178970,Audience / Retail,"₹5,00,000","₹5,00,000",audience095@ideaipo.com,https://nevertheless-hence-improvements-connections.trycloudflare.com,ACTIVE
96,Audience #096,554980,Audience / Retail,"₹5,00,000","₹5,00,000",audience096@ideaipo.com,https://nevertheless-hence-improvements-connections.trycloudflare.com,ACTIVE
97,Audience #097,956612,Audience / Retail,"₹5,00,000","₹5,00,000",audience097@ideaipo.com,https://nevertheless-hence-improvements-connections.trycloudflare.com,ACTIVE
98,Audience #098,307980,Audience / Retail,"₹5,00,000","₹5,00,000",audience098@ideaipo.com,https://nevertheless-hence-improvements-connections.trycloudflare.com,ACTIVE
99,Audience #099,956502,Audience / Retail,"₹5,00,000","₹5,00,000",audience099@ideaipo.com,https://nevertheless-hence-improvements-connections.trycloudflare.com,ACTIVE
100,Audience #100,737317,Audience / Retail,"₹5,00,000","₹5,00,000",audience100@ideaipo.com,https://nevertheless-hence-improvements-connections.trycloudflare.com,ACTIVE
101,Audience #101,973765,Audience / Retail,"₹5,00,000","₹5,00,000",audience101@ideaipo.com,https://nevertheless-hence-improvements-connections.trycloudflare.com,ACTIVE
102,Audience #102,906319,Audience / Retail,"₹5,00,000","₹5,00,000",audience102@ideaipo.com,https://nevertheless-hence-improvements-connections.trycloudflare.com,ACTIVE
103,Audience #103,714537,Audience / Retail,"₹5,00,000","₹5,00,000",audience103@ideaipo.com,https://nevertheless-hence-improvements-connections.trycloudflare.com,ACTIVE
104,Audience #104,185514,Audience / Retail,"₹5,00,000","₹5,00,000",audience104@ideaipo.com,https://nevertheless-hence-improvements-connections.trycloudflare.com,ACTIVE
105,Audience #105,464442,Audience / Retail,"₹5,00,000","₹5,00,000",audience105@ideaipo.com,https://nevertheless-hence-improvements-connections.trycloudflare.com,ACTIVE
106,Audience #106,141910,Audience / Retail,"₹5,00,000","₹5,00,000",audience106@ideaipo.com,https://nevertheless-hence-improvements-connections.trycloudflare.com,ACTIVE
107,Audience #107,950113,Audience / Retail,"₹5,00,000","₹5,00,000",audience107@ideaipo.com,https://nevertheless-hence-improvements-connections.trycloudflare.com,ACTIVE
108,Audience #108,762633,Audience / Retail,"₹5,00,000","₹5,00,000",audience108@ideaipo.com,https://nevertheless-hence-improvements-connections.trycloudflare.com,ACTIVE
109,Audience #109,822216,Audience / Retail,"₹5,00,000","₹5,00,000",audience109@ideaipo.com,https://nevertheless-hence-improvements-connections.trycloudflare.com,ACTIVE
110,Audience #110,158762,Audience / Retail,"₹5,00,000","₹5,00,000",audience110@ideaipo.com,https://nevertheless-hence-improvements-connections.trycloudflare.com,ACTIVE
111,Audience #111,718111,Audience / Retail,"₹5,00,000","₹5,00,000",audience111@ideaipo.com,https://nevertheless-hence-improvements-connections.trycloudflare.com,ACTIVE
112,Audience #112,170688,Audience / Retail,"₹5,00,000","₹5,00,000",audience112@ideaipo.com,https://nevertheless-hence-improvements-connections.trycloudflare.com,ACTIVE
113,Audience #113,222829,Audience / Retail,"₹5,00,000","₹5,00,000",audience113@ideaipo.com,https://nevertheless-hence-improvements-connections.trycloudflare.com,ACTIVE
114,Audience #114,995636,Audience / Retail,"₹5,00,000","₹5,00,000",audience114@ideaipo.com,https://nevertheless-hence-improvements-connections.trycloudflare.com,ACTIVE
115,Audience #115,331593,Audience / Retail,"₹5,00,000","₹5,00,000",audience115@ideaipo.com,https://nevertheless-hence-improvements-connections.trycloudflare.com,ACTIVE
116,Audience #116,831511,Audience / Retail,"₹5,00,000","₹5,00,000",audience116@ideaipo.com,https://nevertheless-hence-improvements-connections.trycloudflare.com,ACTIVE
117,Audience #117,675286,Audience / Retail,"₹5,00,000","₹5,00,000",audience117@ideaipo.com,https://nevertheless-hence-improvements-connections.trycloudflare.com,ACTIVE
118,Audience #118,476310,Audience / Retail,"₹5,00,000","₹5,00,000",audience118@ideaipo.com,https://nevertheless-hence-improvements-connections.trycloudflare.com,ACTIVE
119,Audience #119,470066,Audience / Retail,"₹5,00,000","₹5,00,000",audience119@ideaipo.com,https://nevertheless-hence-improvements-connections.trycloudflare.com,ACTIVE
120,Audience #120,242790,Audience / Retail,"₹5,00,000","₹5,00,000",audience120@ideaipo.com,https://nevertheless-hence-improvements-connections.trycloudflare.com,ACTIVE
121,Audience #121,189624,Audience / Retail,"₹5,00,000","₹5,00,000",audience121@ideaipo.com,https://nevertheless-hence-improvements-connections.trycloudflare.com,ACTIVE
122,Audience #122,273523,Audience / Retail,"₹5,00,000","₹5,00,000",audience122@ideaipo.com,https://nevertheless-hence-improvements-connections.trycloudflare.com,ACTIVE
123,Audience #123,100825,Audience / Retail,"₹5,00,000","₹5,00,000",audience123@ideaipo.com,https://nevertheless-hence-improvements-connections.trycloudflare.com,ACTIVE
124,Audience #124,438850,Audience / Retail,"₹5,00,000","₹5,00,000",audience124@ideaipo.com,https://nevertheless-hence-improvements-connections.trycloudflare.com,ACTIVE
125,Audience #125,177633,Audience / Retail,"₹5,00,000","₹5,00,000",audience125@ideaipo.com,https://nevertheless-hence-improvements-connections.trycloudflare.com,ACTIVE
126,Audience #126,443593,Audience / Retail,"₹5,00,000","₹5,00,000",audience126@ideaipo.com,https://nevertheless-hence-improvements-connections.trycloudflare.com,ACTIVE
127,Audience #127,934081,Audience / Retail,"₹5,00,000","₹5,00,000",audience127@ideaipo.com,https://nevertheless-hence-improvements-connections.trycloudflare.com,ACTIVE
128,Audience #128,223779,Audience / Retail,"₹5,00,000","₹5,00,000",audience128@ideaipo.com,https://nevertheless-hence-improvements-connections.trycloudflare.com,ACTIVE
129,Audience #129,571308,Audience / Retail,"₹5,00,000","₹5,00,000",audience129@ideaipo.com,https://nevertheless-hence-improvements-connections.trycloudflare.com,ACTIVE
130,Audience #130,411297,Audience / Retail,"₹5,00,000","₹5,00,000",audience130@ideaipo.com,https://nevertheless-hence-improvements-connections.trycloudflare.com,ACTIVE
131,Audience #131,496043,Audience / Retail,"₹5,00,000","₹5,00,000",audience131@ideaipo.com,https://nevertheless-hence-improvements-connections.trycloudflare.com,ACTIVE
132,Audience #132,740529,Audience / Retail,"₹5,00,000","₹5,00,000",audience132@ideaipo.com,https://nevertheless-hence-improvements-connections.trycloudflare.com,ACTIVE
133,Audience #133,511378,Audience / Retail,"₹5,00,000","₹5,00,000",audience133@ideaipo.com,https://nevertheless-hence-improvements-connections.trycloudflare.com,ACTIVE
134,Audience #134,147313,Audience / Retail,"₹5,00,000","₹5,00,000",audience134@ideaipo.com,https://nevertheless-hence-improvements-connections.trycloudflare.com,ACTIVE
135,Audience #135,222304,Audience / Retail,"₹5,00,000","₹5,00,000",audience135@ideaipo.com,https://nevertheless-hence-improvements-connections.trycloudflare.com,ACTIVE
136,Audience #136,107503,Audience / Retail,"₹5,00,000","₹5,00,000",audience136@ideaipo.com,https://nevertheless-hence-improvements-connections.trycloudflare.com,ACTIVE
137,Audience #137,329817,Audience / Retail,"₹5,00,000","₹5,00,000",audience137@ideaipo.com,https://nevertheless-hence-improvements-connections.trycloudflare.com,ACTIVE
138,Audience #138,897721,Audience / Retail,"₹5,00,000","₹5,00,000",audience138@ideaipo.com,https://nevertheless-hence-improvements-connections.trycloudflare.com,ACTIVE
139,Audience #139,673655,Audience / Retail,"₹5,00,000","₹5,00,000",audience139@ideaipo.com,https://nevertheless-hence-improvements-connections.trycloudflare.com,ACTIVE
140,Audience #140,630805,Audience / Retail,"₹5,00,000","₹5,00,000",audience140@ideaipo.com,https://nevertheless-hence-improvements-connections.trycloudflare.com,ACTIVE
141,Audience #141,125699,Audience / Retail,"₹5,00,000","₹5,00,000",audience141@ideaipo.com,https://nevertheless-hence-improvements-connections.trycloudflare.com,ACTIVE
142,Audience #142,380034,Audience / Retail,"₹5,00,000","₹5,00,000",audience142@ideaipo.com,https://nevertheless-hence-improvements-connections.trycloudflare.com,ACTIVE
143,Audience #143,589160,Audience / Retail,"₹5,00,000","₹5,00,000",audience143@ideaipo.com,https://nevertheless-hence-improvements-connections.trycloudflare.com,ACTIVE
144,Audience #144,956623,Audience / Retail,"₹5,00,000","₹5,00,000",audience144@ideaipo.com,https://nevertheless-hence-improvements-connections.trycloudflare.com,ACTIVE
145,Audience #145,972363,Audience / Retail,"₹5,00,000","₹5,00,000",audience145@ideaipo.com,https://nevertheless-hence-improvements-connections.trycloudflare.com,ACTIVE
146,Audience #146,258301,Audience / Retail,"₹5,00,000","₹5,00,000",audience146@ideaipo.com,https://nevertheless-hence-improvements-connections.trycloudflare.com,ACTIVE
147,Audience #147,166252,Audience / Retail,"₹5,00,000","₹5,00,000",audience147@ideaipo.com,https://nevertheless-hence-improvements-connections.trycloudflare.com,ACTIVE
148,Audience #148,937930,Audience / Retail,"₹5,00,000","₹5,00,000",audience148@ideaipo.com,https://nevertheless-hence-improvements-connections.trycloudflare.com,ACTIVE
149,Audience #149,243025,Audience / Retail,"₹5,00,000","₹5,00,000",audience149@ideaipo.com,https://nevertheless-hence-improvements-connections.trycloudflare.com,ACTIVE
150,Audience #150,654659,Audience / Retail,"₹5,00,000","₹5,00,000",audience150@ideaipo.com,https://nevertheless-hence-improvements-connections.trycloudflare.com,ACTIVE
151,Rahul Verma,739214,Audience / Retail,"₹5,00,000","₹5,00,000",retail1@ideaipo.com,https://nevertheless-hence-improvements-connections.trycloudflare.com,ACTIVE
152,Priya Sharma,482051,Audience / Retail,"₹5,00,000","₹5,00,000",retail2@ideaipo.com,https://nevertheless-hence-improvements-connections.trycloudflare.com,ACTIVE
153,Aditya Kumar,915638,Audience / Retail,"₹5,00,000","₹5,00,000",retail3@ideaipo.com,https://nevertheless-hence-improvements-connections.trycloudflare.com,ACTIVE